{
	"ret": true,
	"data": {
		"name": "\u5bab\u4fdd\u9e21\u4e01",
		"img": "http:\/\/s3.cdn.xiangha.com\/videoImg\/201510\/1310\/561c71166b43e.jpg\/NjQwX2FiYWNhaXB1MTcxMF9jXzEtM18w",
		"code": "78599088",
		"remark": "",
		"all_click": "1442.2\u4e07",
		"favorites": "13.0\u4e07",
		"info": "\u5bab\u4fdd\u9e21\u4e01\u7684\u7279\u8272\u662f\u8fa3\u4e2d\u6709\u751c\u3001\u751c\u4e2d\u6709\u8fa3\uff1b\u9e21\u8089\u7684\u9c9c\u5ae9\u914d\u5408\u82b1\u751f\u7684\u9999\u8106\uff0c\u5165\u53e3\u9165\u9999\u3001\u7ea2\u800c\u4e0d\u8fa3\u3001\u8fa3\u800c\u4e0d\u731b\u3001\u8089\u8d28\u5ae9\u6ed1\u3002",
		"health_str": "\u9e21\u86cb\uff1a\u6da6\u71e5\u3001\u589e\u5f3a\u514d\u75ab\u529b\u3001\u62a4\u773c\u660e\u76ee\n\u59dc\uff1a\u964d\u9006\u6b62\u5455\u3001\u5316\u75f0\u6b62\u54b3\u3001\u6563\u5bd2\u89e3\u8868\n\u6599\u9152\uff1a\u6d3b\u8840\u5316\u7600",
		"tagIds": "405,406,409,412,413,436,104,356,357,358,364,370,374,384,164,22,31,172,29,140,335,171,324,354,391,355,323,105,1,24,14,327",
		"makes": [{
			"num": "1",
			"info": "\u5c06\u8471\uff0c\u59dc\uff0c\u849c\u5207\u7247\u3002",
			"img": "http:\/\/s1.cdn.jiaonizuocai.com\/caipu\/201510\/2016\/201649122926.jpg\/NjQwX2FiYWNhaXB1MTcxMF9jXzEtM18w",
			"video": []
		}, {
			"num": "2",
			"info": "\u9009\u65b0\u9c9c\u7684\u9e21\u812f\u8089\u5207\u62101cm\u89c1\u65b9\u7684\u5c0f\u5757\uff0c\u52a0\u5165\u80e1\u6912\u7c895\u514b\uff0c\u4e00\u4e2a\u9e21\u86cb\uff0c\u6599\u915210\u514b\uff0c\u6dc0\u7c8920\u514b\uff0c\u6293\u5300\u814c\u523615\u5206\u949f\u5de6\u53f3\u3002",
			"img": "http:\/\/s3.cdn.xiangha.com\/caipu\/201510\/2016\/201649129886.jpg\/NjQwX2FiYWNhaXB1MTcxMF9jXzEtM18w",
			"video": []
		}, {
			"num": "3",
			"info": "\u9505\u5185\u4e0b20\u514b\u8272\u62c9\u6cb9\uff0c\u5927\u706b\u5c06\u6cb9\u70e7\u81f37\u6210\u70ed\uff08\u5373\u6cb9\u9762\u6709\u9752\u70df\u5927\u91cf\u4e0a\u5347\u65f6\u4e3a7\u6210\u70ed\uff09\u653e\u5165\u9e21\u812f\u8089\u4e01\uff0c\u5927\u706b\u7ffb\u7092\uff0c\u5f85\u8089\u8272\u53d1\u767d\uff0c\u8089\u719f\u540e\uff0c\u76db\u51fa\u5907\u7528\u3002",
			"img": "http:\/\/s1.cdn.jiaonizuocai.com\/caipu\/201510\/2016\/201649136562.jpg\/NjQwX2FiYWNhaXB1MTcxMF9jXzEtM18w",
			"video": []
		}, {
			"num": "4",
			"info": "\u9505\u5185\u4e0b15\u514b\u8272\u62c9\u6cb9\uff0c\u5927\u706b\u5c06\u6cb9\u70e7\u81f37\u6210\u70ed\uff08\u5373\u6cb9\u9762\u6709\u9752\u70df\u5927\u91cf\u4e0a\u5347\u65f6\u4e3a7\u6210\u70ed\uff09\u653e\u5165\u5e72\u8fa3\u69128\u514b\uff0c\u8c46\u74e3\u917130\u514b\uff0c\u653e\u5165\u8471\u59dc\u849c\u7247\uff0c\u7206\u51fa\u9999\u5473\uff0c\u7ee7\u7eed\u7ffb\u70922\u5206\u949f\u3002",
			"img": "http:\/\/s1.cdn.jiaonizuocai.com\/caipu\/201510\/2016\/201649143885.jpg\/NjQwX2FiYWNhaXB1MTcxMF9jXzEtM18w",
			"video": []
		}, {
			"num": "5",
			"info": "\u653e\u5165\u6599\u915210\u514b\uff0c\u76d01\u514b\uff0c\u918b5\u514b\uff0c\u767d\u7cd610\u514b\uff0c\u9e21\u7c893\u514b\uff0c\u8001\u62bd10\u514b\uff0c\u751f\u62bd10\u514b\uff0c\u5927\u706b\u7ffb\u7092\u3002\u6b64\u65f6\u653e\u5165\u7092\u597d\u7684\u9e21\u8089\u812f\u4e01\uff0c\u8f6c\u5927\u706b\u7ffb\u7092\u3002",
			"img": "http:\/\/s3.cdn.xiangha.com\/caipu\/201510\/2016\/20164915452.jpg\/NjQwX2FiYWNhaXB1MTcxMF9jXzEtM18w",
			"video": []
		}, {
			"num": "6",
			"info": "\u6700\u540e\u653e\u5165\u6cb9\u70b8\u82b1\u751f\u7c7350\u514b\uff0c\u7ffb\u7092\u5747\u5300\u3002",
			"img": "http:\/\/s1.cdn.jiaonizuocai.com\/caipu\/201510\/2016\/201649157477.jpg\/NjQwX2FiYWNhaXB1MTcxMF9jXzEtM18w",
			"video": []
		}],
		"burden": [{
			"appurl": "",
			"name": "\u9e21\u812f\u8089",
			"content": "250\u514b",
			"type": "1"
		}, {
			"appurl": "\u82b1\u751f",
			"name": "\u82b1\u751f\u7c73",
			"content": "50\u514b",
			"type": "1"
		}, {
			"appurl": "\u9e21\u86cb",
			"name": "\u9e21\u86cb",
			"content": "1\u4e2a",
			"type": "1"
		}, {
			"appurl": "\u5c0f\u8471",
			"name": "\u8471",
			"content": "10\u514b",
			"type": "2"
		}, {
			"appurl": "\u59dc",
			"name": "\u59dc",
			"content": "10\u514b",
			"type": "2"
		}, {
			"appurl": "\u5927\u849c",
			"name": "\u849c",
			"content": "10\u514b",
			"type": "2"
		}, {
			"appurl": "\u5e72\u8fa3\u6912",
			"name": "\u5e72\u8fa3\u6912",
			"content": "8\u514b",
			"type": "2"
		}, {
			"appurl": "\u82b1\u6912",
			"name": "\u82b1\u6912",
			"content": "5\u7c92",
			"type": "2"
		}, {
			"appurl": "\u8c46\u74e3\u9171",
			"name": "\u8c46\u74e3\u9171",
			"content": "30\u514b",
			"type": "2"
		}, {
			"appurl": "",
			"name": "\u76d0",
			"content": "2\u514b",
			"type": "2"
		}, {
			"appurl": "",
			"name": "\u751f\u62bd",
			"content": "10\u514b",
			"type": "2"
		}, {
			"appurl": "",
			"name": "\u8001\u62bd",
			"content": "10\u514b",
			"type": "2"
		}, {
			"appurl": "\u6599\u9152",
			"name": "\u6599\u9152",
			"content": "20\u514b",
			"type": "2"
		}, {
			"appurl": "\u6dc0\u7c89",
			"name": "\u6dc0\u7c89",
			"content": "20\u514b",
			"type": "2"
		}, {
			"appurl": "",
			"name": "\u9e21\u7c89",
			"content": "3\u514b",
			"type": "2"
		}, {
			"appurl": "\u80e1\u6912\u7c89",
			"name": "\u80e1\u6912\u7c89",
			"content": "5\u514b",
			"type": "2"
		}, {
			"appurl": "\u767d\u7cd6",
			"name": "\u767d\u7cd6",
			"content": "10\u514b",
			"type": "2"
		}, {
			"appurl": "\u918b",
			"name": "\u918b",
			"content": "5\u514b",
			"type": "2"
		}],
		"rec": [],
		"is_collection": 1,
		"share_img": "http:\/\/s3.cdn.xiangha.com\/videoImg\/201510\/1310\/561c71166b43e.jpg\/MjUwX2FiYWNhaXB1MTcxMF9jXzEtM18w"
	},
	"append": [],
	"res": "2"
}